"date","Mkt-RF","RMW","dDP","dTS","UNEXPI","RF"
"196307",-0.39,0.66,0.109553829572138,-0.219542828666224,-0.195957166961016,0.261214320223191
"196308",5.07,0.4,0.0418850340929279,-0.0886516978289757,-0.153141703716507,0.272543912807599
"196309",-1.57,-0.76,3.61222488165698e-05,0.404067716342695,-0.163088718249622,0.277395145140735
"196310",2.53,2.75,0.0162950562932465,-0.0715594057534073,0.0617565364738504,0.28305165524094
"196311",-0.85,-0.45,0.00256365924946617,0.0893981341782972,-0.173400876127915,0.288704657879624
"196312",1.83,0.07,0.0873709230762295,-0.315665836821662,-0.154064475810271,0.288704657879624
"196401",2.24,0.22,-0.184274369874308,0.179233153693696,-0.436357632919247,0.288704657879624
"196402",1.54,0.06,-0.144239902061957,0.314117536108304,0.644574791206731,0.289511943626852
"196403",1.41,-2.01,-0.0101847640857131,0.13369440566894,0.152793009584717,0.290319157899233
"196404",0.1,-1.35,-0.0802297275706133,0.255181370709605,0.134637404711706,0.284667156557328
"196405",1.42,-0.26,-0.117034992144088,-0.0598194297281387,0.358171358328068,0.285474799877417
"196406",1.27,-0.42,0.0287638500864822,-0.0369542563906667,0.246921441567094,0.285474799877417
"196407",1.74,0.14,-0.0878077284617078,0.0814003497734858,0.095677518802692,0.283859441682921
"196408",-1.44,0.06,-0.0344082957470815,0.050004439177719,-0.214636619486871,0.287089871907664
"196409",2.69,-0.48,-0.0732880754982242,-0.00161418719284018,0.131729188415823,0.289511943626852
"196410",0.59,-0.29,0.0330092769937353,0.234328504422184,-0.116190454448817,0.292740371999511
"196411",0,0.6,0.108933395612673,-0.0635381782442558,-0.0267469139102777,0.298387372414766
"196412",0.03,1.13,0.0251410652891398,-0.113740681286434,0.24814259510236,0.314502415751705
"196501",3.54,0.84,-0.144652344390909,0.557498919203783,-0.385016922540029,0.312086974013481
"196502",0.44,0.4,0.135969328827725,0.0502998104166636,0.0139828571394368,0.321744904794241
"196503",-1.34,-0.3,-0.100665695491205,0.0973959151966341,-0.0980879949771167,0.321744904794241
"196504",3.11,0.26,-0.076053186349372,0.0486296572998137,0.369919750713263,0.321744904794241
"196505",-0.77,-0.38,-0.0173341145966381,-0.107399878434949,-0.20668503968141,0.318526730828039
"196506",-5.51,0.12,0.0627736770230879,-0.21014683690379,-0.187412984598555,0.311281684573306
"196507",1.43,-1.41,-0.0851055247882009,0.142807733773178,0.162287486201417,0.314502415751705
"196508",2.73,2.06,0.0811178214722885,-0.143518596507633,-0.11046218237226,0.314502415751705
"196509",2.86,-0.82,-0.153219812915744,-0.433596965596809,0.456734572515908,0.320940467758213
"196510",2.6,1.22,-0.203123836863367,0.230701385837009,-0.0780858294329978,0.329785375142633
"196511",-0.03,-1.06,-0.382742211062199,0.206770410049201,0.640387901872701,0.334606257257586
"196512",1.01,-1.28,-0.0326792869819726,0.156288749821323,0.0507357549759535,0.35787133767835
"196601",0.72,-2.83,-0.506746185842305,0.871945954937521,0.0499357684318057,0.374681505879826
"196602",-1.21,-0.15,-0.225754539331058,0.512611493950369,0.0849473902625619,0.379478728344429
"196603",-2.51,1.3,-0.00787368384213282,0.0589603804951992,-0.0322310055847982,0.374681505879826
"196604",2.14,0.41,-0.162160710633219,0.0282778726073639,-0.177683982324466,0.377080432356869
"196605",-5.66,1.66,0.217097555579775,-0.523331976848747,-0.273094586586578,0.378679366381562
"196606",-1.44,0.06,-0.0563356109164958,-0.0582917977030486,0.0214896329305527,0.367480940043685
"196607",-1.63,-0.45,0.00913853232099145,0.0112700521396863,0.150039429140351,0.391460763053031
"196608",-7.91,0.05,0.127527159802319,-0.27697496834627,-0.293512876162367,0.404224284774379
"196609",-1.06,-1.65,0.232952996169768,-0.0671565744026622,0.309392883399178,0.436849581474852
"196610",3.86,-3.64,0.0531708076111553,-0.0532260031343618,0.397185333721674,0.435260805603366
"196611",1.4,4.17,0.176563426824491,-0.320539085517608,-0.426029246877939,0.432877123312592
"196612",0.13,0.68,0.02759683367851,0.0226389512224125,-0.281831867209832,0.404224284774379
"196701",8.15,0.62,-0.0939702944991552,0.989118678444723,0.54117672371099,0.385072302357004
"196702",0.78,1.94,-0.203452270315588,0.308874218395739,-0.387341019858894,0.372281948566644
"196703",3.99,0.9,-0.0575230447317029,0.302436072204254,-0.183334908103871,0.348251602971761
"196704",3.89,2.43,-0.172966013946404,-0.316624599116449,-0.264808793593166,0.314502415751705
"196705",-4.33,-1.75,-0.164076308447828,0.0906677167389416,0.296904630515263,0.295160943302153
"196706",2.41,-0.64,-0.229136192309853,0.708070021633401,-0.0406060201993511,0.290319157899233
"196707",4.58,0.51,-0.14040313788927,0.693101576194154,-0.000590797932830206,0.344240384414962
"196708",-0.89,0.42,-0.00861780480309277,0.297740761110246,-0.0683749206563989,0.349053635075025
"196709",3.11,0.22,-0.22210184275511,0.118389881048688,-0.0148805299389213,0.361075663180244
"196710",-3.09,0.81,-0.160062123407456,0.112050439575803,0.434004772408842,0.372281948566644
"196711",0.37,1.29,0.0608271068888761,-0.083670479025178,0.193106902137291,0.385871104551461
"196712",3.05,-0.64,-0.197913453041711,0.649397709338736,-0.126255435576157,0.405021412570328
"196801",-4.06,-4.58,-0.213481607233918,1.03661785420794,0.63410892635753,0.407412378364835
"196802",-3.75,-0.14,0.244176051695684,0.0825321661074385,0.0368818416861074,0.405818470758934
"196803",0.2,1.17,-0.165621738901432,-0.402105418483765,0.13214734711295,0.420949367822132
"196804",9.05,2.79,-0.27580794988575,0.2712337568439,-0.679035537883832,0.437643865751647
"196805",2.28,0.39,-0.315847735987322,0.799112258646786,0.153231525967792,0.459855821103505
"196806",0.69,-1.33,-0.0109675412503271,0.221659150535148,0.325064173751498,0.448756596969879
"196807",-2.72,-3,-0.219123737230311,0.365775006888213,0.279987633048542,0.432082424236424
"196808",1.34,-0.6,-0.170911935776754,0.295557094297954,0.146767689581678,0.414581520378898
"196809",4.03,-2.03,-0.222201381994636,0.139302582420204,0.119251898408825,0.4225406358912
"196810",0.42,-1.3,0.0317641826670387,0.160379531359772,0.311608951245025,0.435260805603366
"196811",5.43,0.46,-0.0217534520326459,-0.128663381872782,-0.0313754708469672,0.443201921894132
"196812",-3.94,-1.78,-0.272060864174918,0.139430899052692,-0.0198233802263333,0.483594549017563
"196901",-1.25,-1.54,-0.034934781419374,0.229905620833003,0.430819587175328,0.497808230113339
"196902",-5.84,2.17,0.211801952947398,-0.192087323908345,0.200798650147896,0.496230023834521
"196903",2.64,-1.34,-0.126502825900841,-0.0931647255887568,0.0399436367173045,0.488334900342657
"196904",1.46,0.38,-0.00345580525242888,-0.148347834737414,0.297004016219947,0.495440818448101
"196905",-0.1,-0.97,-0.091368562812359,0.212803723516254,-0.114785631930779,0.489914470982766
"196906",-7.18,4.26,0.188252972044943,-0.303603140172171,0.242887792662919,0.52144867011501
"196907",-7,1.4,0.126897288814429,-0.426969915121967,0.343106066069076,0.565414538740527
"196908",4.68,1.16,0.045251291723893,0.172414130858012,-0.40624390873683,0.56384796504918
"196909",-2.98,3.42,-0.0692048995788505,-0.192957198122755,0.0664095646702417,0.572460800374852
"196910",5.06,0.01,0.0237405516306505,0.263195194951214,0.0432904796973096,0.565414538740527
"196911",-3.79,1.44,0.0665794477234665,0.0199925868259355,0.212036453859188,0.584192515832904
"196912",-2.63,2.47,0.15591101394354,-0.62909987517247,0.0705217246646445,0.629414071368228
"197001",-8.1,-1.77,-0.167845829926574,0.35133454980887,0.586435991531172,0.633302034024608
"197002",5.13,-2.28,-0.0954467452226178,-0.136718496646365,0.248106455499291,0.575590729946485
"197003",-1.06,-0.87,0.0699598540564957,-0.0139511495476835,-0.064684385262874,0.536389377896618
"197004",-11,-0.64,0.106651353859308,-0.340416461950975,0.710098114118663,0.52695598358028
"197005",-6.92,-1.3,0.0490131540602241,-0.28640075881332,-0.142791279764002,0.552874426118288
"197006",-5.79,0.19,0.130094978421635,0.0125426405008365,-0.555035139777289,0.540317086984365
"197007",6.93,-0.07,0.100949132231701,-0.183739847112523,0.076146517610501,0.522235632413426
"197008",4.49,0.57,0.100553371122528,0.167403030207597,-0.131714532935439,0.519087376511895
"197009",4.18,0.24,-0.00733718897991096,0.345944374566848,-0.319028504696523,0.496230023834521
"197010",-2.28,1.83,0.257339446296197,0.122839780067211,-0.229738913614168,0.479642376289191
"197011",4.6,1.75,0.164388240644817,-0.528560285423661,0.317827357251397,0.429697911893889
"197012",5.72,0.14,0.0606473339658462,0.148928846585795,0.371633819298678,0.397047000180417
"197101",4.84,-2.19,-0.117446339000441,1.08028579265592,0.0275493349122878,0.36267740400886
"197102",1.41,0.65,-0.160909421168264,0.410263842973049,-0.187508662753449,0.303224876461483
"197103",4.13,1.97,0.0962096984029822,0.0892755881083323,0.0932303049101152,0.277395145140735
"197104",3.15,-1.56,-0.043225568752215,0.0389801356060516,0.1966974254103,0.316112354889775
"197105",-3.98,1.46,0.0971162538618713,-0.287344562081087,0.079643253132969,0.338621713559917
"197106",-0.1,1.52,0.235017626765935,-0.213531657651871,-0.03427460991096,0.387468499212917
"197107",-4.5,0.48,0.140008748247455,0.0813796787547202,0.0132643396554173,0.43923222705009
"197108",3.79,-0.34,0.022875186784951,0.118053260294931,0.2377624558808,0.402629820309475
"197109",-0.85,2.59,0.316977821251871,-0.0953844898375678,-0.464633891813497,0.38267547616504
"197110",-4.42,1.48,0.133678191645988,-0.130820240605268,-0.076038055633105,0.364278863693523
"197111",-0.46,2.45,0.154480567169903,-0.36209600118059,-0.14732258597766,0.345042769241632
"197112",8.71,-0.43,-0.0759614691399681,0.0291454111040999,0.258072689227736,0.328177848033762
"197201",2.49,-1.48,-0.533791845165221,1.03657219952724,0.0646851132092334,0.277395145140735
"197202",2.87,1.65,-0.10990873643325,-0.0343706095132234,0.413040584700921,0.262833695878451
"197203",0.63,1.58,0.152113864457193,0.103722056608471,-0.388726437212405,0.305642666425943
"197204",0.29,-0.59,-0.0679826274773435,-0.158440328528952,0.473982997050183,0.304030877682537
"197205",1.25,2.33,0.0933379179124844,-0.335118048923456,-0.0757158164477651,0.302418803990001
"197206",-2.43,1.75,0.0993703942593645,-0.0679289247455244,-0.234258574840261,0.32013595976057
"197207",-0.8,1.08,-0.0520332871692261,-0.247416974943695,-0.374695173202377,0.325766026007979
"197208",3.26,-2.02,0.0299028011549087,-0.0908540209223867,-0.0117491003277619,0.328981647003657
"197209",-1.14,1.67,0.0551520918973908,-0.160342675582311,-0.485140538863735,0.380278020291369
"197210",0.52,-0.12,0.153807714669524,0.0594473286594131,-0.167417483142999,0.386669836832509
"197211",4.6,-1.98,0.077015851929669,0.00197463498206822,-0.248777899463488,0.38986406707826
"197212",0.62,2.6,0.0668183779757838,-0.262960794725225,-0.0957641378024946,0.41298886422021
"197301",-3.29,0.4,-0.302493220043879,0.501609033772883,0.227320984542341,0.440026304096874
"197302",-4.85,-0.34,-0.284801011405636,-0.324965318914251,0.347942430177062,0.455100662487395
"197303",-1.3,-1.07,-0.17292371694325,-0.0584142446031679,0.181235880418747,0.493862203119688
"197304",-5.68,-1.63,-0.210661521434056,0.355779499959404,0.0826394940077674,0.507271747119686
"197305",-2.94,2.02,-0.129311867683435,-0.502568470091442,-0.133948901827973,0.515150530747666
"197306",-1.56,-0.27,-0.147878994266144,0.0787018398059692,0.289566089645382,0.580283616274535
"197307",5.05,-0.1,0.228883857530818,-0.27557315626034,-0.771296830201843,0.644179547513701
"197308",-3.82,-1.36,-0.211875804844643,-0.245850129261087,0.444505070598949,0.695285808376656
"197309",4.75,-2.3,0.332465029738897,-0.0285217064572515,-0.544108494774952,0.665895856798548
"197310",-0.83,-1.94,-0.162539310201189,0.244899496513001,0.19634955635518,0.582629156525405
"197311",-12.75,-2.71,-0.462737469754775,0.0026902221609211,0.488948627290344,0.630191796099688
"197312",0.61,-2.8,-0.056813757512069,-0.204342192876932,-0.369417889016809,0.600591672003903
"197401",-0.17,-3.01,-0.00182814692764597,0.477212270320184,0.798878806297633,0.625524455621695
"197402",-0.47,-1.93,0.0820031262897347,0.186377429173122,0.309455819484859,0.574808347996969
"197403",-2.81,2.82,0.101114366180588,0.237546473405251,-0.268206854853122,0.640296205704582
"197404",-5.29,2.86,0.087892479679808,0.068737967531255,-0.243010716993895,0.668993983966137
"197405",-4.68,5.08,0.141712132625794,-0.175583707290656,-0.527325364439034,0.661246698575901
"197406",-2.83,0.62,0.0589289020795874,-0.118522142664178,-0.451527249936725,0.63563401874609
"197407",-8.05,-3.26,-0.0717375440136599,0.248308267483611,0.527976794685624,0.608390470319842
"197408",-9.35,-0.26,0.0442534551234976,0.142196500233117,0.438758124494969,0.717651668705388
"197409",-11.77,-4.28,-0.0959120572167938,0.4159256512343,0.714836604264838,0.648061241801767
"197410",16.1,-0.03,-0.245629596175791,-1.57897359401699,-0.243685399212119,0.601371851162891
"197411",-4.51,-3.39,0.0559752987881309,0.0995294569266832,-0.178783649130556,0.602151963773045
"197412",-3.45,-0.65,0.259566512554451,0.179288294415493,-0.37589007755518,0.57715529303064
"197501",13.66,-0.89,-0.497256690430709,-0.195359266655377,0.653228278508918,0.507271747119686
"197502",5.56,1.15,-0.239671673868364,-0.112869714160945,-0.136825120586273,0.447169891704302
"197503",2.66,1.23,0.124033944474615,-0.271496724200711,-0.299860086430385,0.446376435669738
"197504",4.23,1.37,0.0526191018533621,-0.536464741427801,0.335650473170838,0.455893360884607
"197505",5.19,-1.05,0.0270687796946159,-0.378051273614871,0.181361254018519,0.425722340187029
"197506",4.83,-2.62,-0.167316508130882,-0.140621022755104,0.746097681154167,0.434466313983473
"197507",-6.59,0.43,-0.0585807420861559,0.0456403234092099,0.518638221870389,0.497019161052159
"197508",-2.85,1.03,0.00814098347673143,0.07921298244896,0.236387519092502,0.52144867011501
"197509",-4.26,0.53,0.0751625864833028,-0.0342929900017262,-0.312540428812912,0.519874542176457
"197510",5.31,-0.46,0.241106162380747,-0.0826541607294629,-0.203292785804472,0.483594549017563
"197511",2.64,-0.62,0.0508267886904855,0.218428466068332,0.0214344499862188,0.445582910683973
"197512",-1.6,-0.12,0.000755032666747549,-0.0818686539444736,0.115218129004088,0.442408120978199
"197601",12.16,-1.9,-0.205784839004696,0.317601741059286,-0.0566147517532047,0.397047000180417
"197602",0.32,-2.58,-0.433514236482049,0.814246201331534,0.633655131255569,0.397844755015164
"197603",2.32,-0.38,-0.158112020797268,-0.0751752025103609,0.087032106586958,0.407412378364835
"197604",-1.49,0.39,-0.0545214097997611,0.131927874758146,0.00538595261427898,0.39624917561103
"197605",-1.34,2.47,0.0568199115875113,-0.208912133936625,0.0536832853515828,0.423336165926491
"197606",4.05,-0.59,0.0856753108733298,-0.0164041191470768,-0.247863292423407,0.440026304096874
"197607",-1.07,-1.09,0.00787552015720002,0.235875861800127,-0.189612619224569,0.425722340187029
"197608",-0.56,-0.46,0.0549306760089272,-0.0631592048834575,0.0621077255303886,0.418561945532825
"197609",2.07,0.99,0.0728488529775565,0.0127183685509191,0.103341001009336,0.413785227033436
"197610",-2.42,-0.22,0.0828648824517091,0.386277902604943,-0.20176299877493,0.401035077262524
"197611",0.36,-1.39,0.0487216473837325,0.336245796377504,-0.194458438952,0.387468499212917
"197612",5.65,-0.62,-0.14239765231558,0.0124291030093869,0.360352112238184,0.355467354781003
"197701",-4.05,-0.53,-0.0482946759061831,0.552502886003501,0.154937516006116,0.377080432356869
"197702",-1.94,-0.13,-0.0178540360086742,0.105920507449019,-0.141712600330719,0.381077242235262
"197703",-1.37,-0.32,0.009534696697144,0.165218873389732,0.0297501781591821,0.375481218114615
"197704",0.15,-2.05,-0.0854051397863799,0.156524669276425,0.232951273223537,0.370681893055314
"197705",-1.45,0.33,-0.0471233365469201,0.129520237412812,-0.00526366857047294,0.404224284774379
"197706",4.71,0.88,0.0124031790862545,-0.0955483892253854,0.0197087249229268,0.409006007693691
"197707",-1.69,0.83,0.0358804266981607,0.237996863245476,-0.123707258836502,0.4225406358912
"197708",-1.75,0.96,0.127039766973767,0.163403892120659,-0.289907801583436,0.446376435669738
"197709",-0.27,1.23,0.116779280701476,0.127367455107779,-0.455347647034804,0.471732897177124
"197710",-4.38,-0.3,-0.0483384369017477,-0.00163088142675511,0.264818867202471,0.499386163815507
"197711",4,-0.05,0.0752742547877783,0.107679661107214,0.1314973686102,0.494651544880598
"197712",0.27,0.94,0.028047724811753,-0.170394517858615,-0.559480287653707,0.492283314968378
"197801",-6.01,-1.67,-0.112256074441461,0.352560888090028,0.0611045607570059,0.52144867011501
"197802",-1.38,0.36,-0.0246328320618427,-0.0702817523543717,-0.0332897203241814,0.522235632413426
"197803",2.85,-0.6,-0.037154205431021,0.189107852334959,0.157265025753467,0.509636095616139
"197804",7.88,2.82,0.0634391793647248,-0.283731881027624,-0.175697289430728,0.509636095616139
"197805",1.76,0.27,-0.0527122995487912,-0.0221906402819113,-0.188123412686001,0.519087376511895
"197806",-1.69,-1.44,-0.0197717848214091,0.0103316436323278,-0.00263616431452883,0.544243108957909
"197807",5.11,1.58,0.0902900475166058,-0.0592494826716565,0.252564462604608,0.566197724932804
"197808",3.75,1.39,0.203225856433899,0.319251439990834,-0.459846434985855,0.571678150536337
"197809",-1.43,-0.68,-0.0485494368578038,0.197063872962668,-0.19680985447694,0.631747047238851
"197810",-11.91,0.17,-0.129059113331717,0.209599766747815,0.341473198290789,0.642626408574443
"197811",2.71,1.09,0.127882717848173,-0.471324971272454,-0.408591845511803,0.692968976937047
"197812",0.88,1.96,0.167421451601261,-0.0619264624175992,-0.128867972927587,0.726890549755477
"197901",4.23,-2.5,-0.0466463828388798,0.164750982969815,-0.157036437558589,0.747644014574678
"197902",-3.56,-1.14,-0.0493915828573056,0.277219937337108,-0.197654236648539,0.745340395129102
"197903",5.68,0.62,0.0949596483615073,0.14496047506031,-0.148035702004531,0.757619675795707
"197904",-0.06,1.05,-0.0671079163987092,0.0437214485918454,-0.0376849799750084,0.756085665671935
"197905",-2.21,-1.39,-0.023650687986239,-0.00123131812901638,-0.366895313365006,0.767584484623929
"197906",3.85,-1.61,-0.11841585905117,0.0814040372131037,0.172584670394871,0.725351383451778
"197907",0.82,-0.2,0.104593017506383,0.105527832323753,0.0137436832253282,0.739194575707836
"197908",5.53,1.58,0.00907849500566368,-0.276188010814256,-0.0868913302128871,0.760686925549536
"197909",-0.82,1.02,-0.0973842898464123,-0.46485556245753,-0.140166435975597,0.81724660287481
"197910",-8.1,1.04,-0.00298970716843025,-0.0859560564711167,0.297846128753373,0.926318350473521
"197911",5.21,0.11,0.00215201042126105,-0.348632774396617,0.130811293175452,0.933092459661156
"197912",1.79,-0.67,-0.0963468829508611,-0.193720583817574,-0.188429011627432,0.951883232705097
"198001",5.51,-1.67,-0.158147898183175,0.337266618068207,-0.0140246380862527,0.948879293458305
"198002",-1.22,0.11,-0.112073969904875,-0.22506205614685,0.149329517066256,1.01324833447711
"198003",-12.9,1.38,-0.0190037560900812,-0.260981386860569,0.0781981863224913,1.18614255245493
"198004",3.97,-2.09,0.0996511417943695,0.17585921988853,-0.0345024138325408,1.03857261068765
"198005",5.26,0.31,0.0254644906254054,0.338684266573882,0.129318208199248,0.688333554148701
"198006",3.06,-0.09,0.0826956543104081,0.0839062764634702,0.063207319586733,0.570895433695617
"198007",6.49,3.94,0.174432177080872,-0.310315287418158,-0.182968786130583,0.648061241801767
"198008",1.8,2.1,0.124562839216087,-0.212520820142118,-0.320881849919115,0.730737334034104
"198009",2.19,2.03,-0.0675380201915974,0.242267119971017,-0.395938440236671,0.818008537212078
"198010",1.06,1.67,-0.106126619785144,0.0189361389588988,-0.193382642800515,0.920292718506133
"198011",9.59,4.53,-0.00720458129030923,-0.437563559464121,-1.04459381886355,1.07790997213095
"198012",-4.52,-1.25,0.0890476372345336,0.129003239295521,0.193974358404626,1.20734493880161
"198101",-5.04,-3.54,0.0350159527851653,0.653638321176337,0.62813063960845,1.17295782862581
"198102",0.57,0.19,0.102347423671986,0.15930940032146,0.445590461822714,1.15608312965345
"198103",3.56,-2.34,-0.0635691586421676,-0.0798528689173152,-0.45351944640614,1.05046579993988
"198104",-2.11,0.82,0.16668179499363,0.242357869023819,0.00202526662445972,1.07494698354851
"198105",0.11,0.33,-0.0590113724009712,-0.0941307526915001,0.16839007474653,1.26630790879245
"198106",-2.36,-1.35,0.163825661112174,0.193619299995844,0.190238828784243,1.15167593717256
"198107",-1.54,1.08,-0.0822479506794535,-0.0748869373721227,-0.0116528689515878,1.16782532755491
"198108",-7.04,-0.25,0.0362685285443183,-0.00725314264511893,0.312084273464489,1.20880537279018
"198109",-7.17,-0.02,0.196949547878913,-0.326395033752331,0.508305425636378,1.14947154859399
"198110",4.92,3.29,0.0439001088087805,-0.149334942048943,-0.23424607342329,1.06382725885326
"198111",3.36,0.1,0.110527398746333,-0.0884006054851439,0.0233164250925347,0.862850932894998
"198112",-3.65,0.19,0.178488515456654,0.00979137197416942,0.151477454204489,0.862092716667395
"198201",-3.24,-1.52,0.0666672903357955,0.116976041427855,0.262063250436638,0.969886250357899
"198202",-5.86,-3.38,0.177507886539941,0.201016940375184,0.5818035048485,1.05937559804077
"198203",-1.87,-1.44,-0.00071689255865567,-0.0394195120815597,0.231814338898214,0.999813038922071
"198204",3.27,1.51,0.0901941540815399,0.0305376656157482,0.00305212598345951,1.00130682068611
"198205",-3.99,0.91,0.10440432516917,-0.0628739174061697,-0.165035148998388,0.955636774610347
"198206",-3.09,0.03,0.137527225767737,-0.123304140623347,0.805853193159586,0.984113639700368
"198207",-3.19,1.03,0.0851895228019691,-0.131981520250869,0.233976630876398,0.899926942184281
"198208",11.14,-1.96,0.0347453879908782,-0.0665460368739328,0.0969026575004351,0.696057955236173
"198209",1.29,2.12,0.132839001101854,0.437783407283401,0.107383251787931,0.63718834505917
"198210",11.3,0.3,0.245935772406498,0.0293072100801825,-0.753002295384304,0.620854732576559
"198211",4.67,-1.05,0.0847702248610244,0.0781774709134381,-0.130196236886374,0.648837383085432
"198212",0.55,-0.07,0.217256669423577,0.138702178297141,-0.378245573329784,0.638742407347426
"198301",3.6,-1.5,-0.108644276414483,0.24951883040807,-0.630172327739644,0.632524573670046
"198302",2.59,-0.57,0.0701992879345422,-0.0357843263020938,0.394485111757487,0.651941290029567
"198303",2.82,-0.07,0.107698241481217,0.1247353271526,-0.00272550392720065,0.67054265433415
"198304",6.67,-0.16,-0.0754005252091719,0.0108009752101783,0.588568817681849,0.659696454137704
"198305",0.52,-1.85,-0.103453840130519,0.289998949205528,-0.0276912080290359,0.658145947029198
"198306",3.07,2.52,0.0610854932256825,-0.177151159856152,-0.488290675883686,0.70454727500886
"198307",-4.07,-0.03,0.0675264837609664,0.00561318175470165,0.319622314767047,0.726890549755477
"198308",-0.5,0.45,0.0710932757284804,-0.0678056971083095,0.00780234021170092,0.746876205802893
"198309",0.91,1.21,0.062063687784315,0.216929253976518,0.259575244727236,0.720732331613672
"198310",-3.44,-0.81,0.0629841678211518,-0.0693565245002132,0.231794279257498,0.692968976937047
"198311",2.16,-0.48,0.205895070327944,0.51891768976769,-0.0778682331696366,0.70223278660011
"198312",-1.78,1.59,0.0899038460183463,-0.198836674693392,0.410463994611133,0.720732331613672
"198401",-1.92,-0.93,-0.0107900278785308,-0.211437655515483,0.325502235023872,0.713028729995768
"198402",-4.82,0.82,-0.0496166610995454,-0.00181904972794722,0.204137803192056,0.727660035900546
"198403",0.63,-0.93,0.00622030780456687,-0.24962939949147,0.274145140417685,0.760686925549536
"198404",-0.51,3.27,0.148575440145867,-0.107138664768587,0.0640564689106669,0.773711291270973
"198405",-5.97,2.32,0.0170427036072895,-0.178246399692844,-0.0695114629866322,0.784423353440489
"198406",1.82,3.08,0.15934396445579,-0.127987537939454,-0.295664983536423,0.787481643642418
"198407",-2.74,3.69,0.0918441086828354,0.214193255236622,0.379817476356273,0.806572865657129
"198408",10.28,-0.89,0.00945521162426416,0.261843839571231,-0.220876645311634,0.833233937930222
"198409",-0.8,1.4,0.0169154423910289,0.0763791806391785,0.528289154993475,0.825624398896552
"198410",-0.84,1.17,-0.0104886064645676,0.167888628953476,0.319538147643041,0.777538465715755
"198411",-1.76,0.81,0.136320306713127,0.252436710272073,0.277732793977144,0.690651558964572
"198412",1.84,1.21,0.066548487116896,-0.0063510987782406,-0.340146399584565,0.648061241801767
"198501",7.99,-0.83,0.00409800046170654,0.182351848242316,-0.509417280965524,0.624746333972226
"198502",1.22,1.26,-0.0402824618250387,-0.109293773600434,-0.312913272064819,0.664346399813365
"198503",-0.84,1.18,-0.0114040567944323,-0.032553480918191,0.0145922909251345,0.683695782743166
"198504",-0.96,1.59,-0.0157253147120225,0.0166459061720782,0.293650106133305,0.639519339511518
"198505",5.09,1.3,0.066383230405771,0.164370494403926,-0.0854072441917427,0.602932009846224
"198506",1.27,1.73,0.112745154824676,0.113140961790491,0.204177393208849,0.561497601064742
"198507",-0.74,-0.45,0.123789677898005,0.306301314862955,-0.151371599604991,0.571678150536337
"198508",-1.02,-0.04,0.0242995153410682,0.116934418540049,0.119182150369161,0.576373044953726
"198509",-4.54,1.16,0.133258396361328,0.0276432730875728,0.37235789140923,0.573243383223132
"198510",4.02,0.92,-0.0288469224596029,0.0416432200741418,0.117485772465709,0.577937474189216
"198511",6.48,0.29,0.0490067186658705,-0.247661114328431,-0.0236489957671028,0.584192515832904
"198512",3.88,0.97,-0.0776233027047702,0.174607170528012,0.0759983892058947,0.573243383223132
"198601",0.65,-2.02,0.0145695637416169,-0.233813332884193,0.196480369252397,0.570895433695617
"198602",7.13,1.15,-0.00859030184770634,-0.0060696809169407,0.106157596530729,0.570112649840682
"198603",4.88,1.12,0.172519529152227,0.0318892000421165,0.0103977257020718,0.530887747933861
"198604",-1.31,2.91,0.0658124552926965,0.0659281624763278,0.0962072104443407,0.49149376855333
"198605",4.62,2.08,0.0392374670360409,0.126648044576472,-0.134284709785489,0.49859723103034
"198606",1.03,1.83,0.0331867514627089,0.19872885713698,0.357568301416398,0.503329806193964
"198607",-6.45,-0.57,0.0189653019955833,-0.0519303251813508,0.417029131060574,0.473315341019109
"198608",6.07,-1.74,0.00705004200806871,0.183226902658597,0.0524948936285887,0.449549846225961
"198609",-8.6,-0.05,0.0747025027449507,0.210130670129098,0.0910927738049834,0.424131626645829
"198610",4.66,0.13,-0.097636860893445,-0.140046589117766,0.0105811642149313,0.421745036527299
"198611",1.17,1.12,0.0672072124999793,-0.234668301794969,-0.00719682655323906,0.435260805603366
"198612",-3.27,0.83,0.188750753051527,0.126636566819874,-0.11400470421944,0.449549846225961
"198701",12.47,0.2,0.112287630212042,0.0512015802148338,-0.892247545909485,0.441614251048383
"198702",4.39,-0.9,-0.0419746757245905,-0.195786531027193,-0.341480615928778,0.454307895276562
"198703",1.64,1.36,-0.0869617906693924,-0.0430268995545789,0.0869653485363971,0.454307895276562
"198704",-2.11,-0.46,-0.0541938072558227,-0.0901816998901059,0.330859568504034,0.45827104331948
"198705",0.11,0.52,0.0247474407122835,0.00827626839718462,-0.237740586145037,0.459855821103505
"198706",3.94,1.73,0.0795067152402228,0.114589733540572,0.0144017406961535,0.460648106881201
"198707",3.85,-0.5,-0.084019730965213,-0.16366867404322,0.00327216381571305,0.462232472270219
"198708",3.52,2.03,-0.000220108964110836,-0.0713876436843847,0.500719427903246,0.489914470982766
"198709",-2.59,-0.9,0.0695820409157951,-0.201142158807141,0.507520541414382,0.5183001430342
"198710",-23.24,2.01,0.0202215596540869,-0.0230968348374722,0.33986017357284,0.497019161052159
"198711",-7.77,-1.92,0.0861549068023123,0.366709198786417,0.753651713065059,0.462232472270219
"198712",6.81,3.01,-0.00433408193486697,-0.0378919245176879,-0.0265720720897687,0.468567186768754
"198801",4.21,-1.12,0.100044744771686,0.118326183309158,0.138442394685535,0.471732897177124
"198802",4.75,1.56,0.220887008887206,0.0244196718105087,0.311697444214149,0.459855821103505
"198803",-2.27,-0.16,0.135301963434682,0.266330985072478,-0.0375671460265865,0.463024551906477
"198804",0.56,-0.23,0.0480673051201907,0.0102892231550947,0.142568864586989,0.479642376289191
"198805",-0.29,-0.7,-0.0209329647650758,0.0824214416540622,0.116028206850881,0.507271747119686
"198806",4.79,1.42,0.104278989871164,0.0903658020496913,0.0985719695713577,0.523022526947514
"198807",-1.25,-0.59,0.037425569925151,0.00298959599152014,0.0603787221937343,0.544243108957909
"198808",-3.31,-0.76,0.00193930848713127,0.164309508769475,-0.0514892818396804,0.570112649840682
"198809",3.3,1.72,0.0449392564358223,-0.127690656031493,-0.462707034868825,0.584192515832904
"198810",1.15,1.4,-0.037109357587995,-0.0436218889278886,0.244016360461231,0.592786217615182
"198811",-2.29,-0.31,-0.0507514295183927,-0.0248037996795216,0.0945511893942462,0.624746333972226
"198812",1.49,0.64,0.0996199811493412,0.0358464722343681,-0.016276786146495,0.648837383085432
"198901",6.1,-1.03,0.016132384403207,-0.168865759876393,-0.018137242322363,0.664346399813365
"198902",-2.25,-0.82,0.0562774927986218,-0.0382082622325986,0.198377554248965,0.684468907848101
"198903",1.57,0.01,-0.0279680248927587,-0.528937417665705,-0.160000297823551,0.706861178433815
"198904",4.33,0.76,-0.00576860917299599,-0.165091770642692,0.334347378297149,0.693741319238561
"198905",3.35,0.49,-0.0499176102504836,-0.0536193979525316,-0.0125979669183969,0.67673471653078
"198906",-1.35,0.24,-0.0602017289449275,0.122054913817364,0.000167450891851685,0.655044144428807
"198907",7.2,1.99,-0.180530106712467,-0.269024656244844,-0.0343111872337763,0.634079428314327
"198908",1.44,0.41,-0.0876777629569042,0.157971736814065,-0.200269469544924,0.63563401874609
"198909",-0.76,1.4,-0.0720276621426836,-0.185632582881563,0.154622855371654,0.623968146128573
"198910",-3.67,0,-0.102104914662101,-0.0579461131417953,0.0101538717159442,0.615403707662288
"198911",1.03,-0.91,0.0961034770947532,0.194398830305538,0.0131772074496721,0.619297628329152
"198912",1.16,-0.1,-0.020379524707731,-0.175589952771747,0.140590136708681,0.614624724569057
"199001",-7.85,-1.13,0.151293950603611,-0.0788214085399932,0.0216408584289454,0.615403707662288
"199002",1.11,-0.19,0.0271837507367698,-0.126551848997939,-0.178554905881884,0.623189892078946
"199003",1.83,2.15,-0.00781330236803144,-0.24261748748639,0.187546098725966,0.63563401874609
"199004",-3.36,1.72,0.000672079234523219,-0.186893245638744,0.0534100007124537,0.625524455621695
"199005",8.42,1.65,-0.144802773465225,-0.384870490102611,-0.118140873073178,0.623189892078946
"199006",-1.09,-1,0.0564066855309857,0.0795679423308659,-0.0259429171442527,0.622411571811599
"199007",-1.9,-0.27,-0.137531517898303,-0.0597735773393532,-0.127037508878049,0.613845675128299
"199008",-10.15,-0.43,-0.0638291326359851,0.0512109266302763,0.424491651801361,0.600591672003903
"199009",-6.12,-0.16,0.057971417788607,0.132767936015909,0.0269412419326275,0.593567062915912
"199010",-1.92,2.87,-0.0362751549852534,-0.256127796064975,0.426110509821691,0.578719588441423
"199011",6.35,0.81,0.135905933520091,0.0915273132861538,0.237737737918698,0.570112649840682
"199012",2.46,2.86,0.0985579519013242,-0.0735665714607059,0.492571065908022,0.545028111032209
"199101",4.69,1.55,0.273175582281976,-0.0387058778676811,0.144441607489028,0.50411833044619
"199102",7.19,-0.27,0.107663409436588,-0.0315029164156065,-0.62706612374172,0.482013885111421
"199103",2.65,-0.39,-0.0316561540621892,-0.130233341260967,0.00409490817798867,0.479642376289191
"199104",-0.28,0.53,0.0454316172415618,0.068015028475399,0.167223771699037,0.459063466587106
"199105",3.65,2.11,0.0480151837046236,0.00473065907598224,-0.00180175107034097,0.443995653808704
"199106",-4.94,1.75,0.0382266504465247,0.179923615876148,0.386768209505325,0.452722154364094
"199107",4.24,1.61,-0.122186195381753,-0.0529404435060093,0.201131870014739,0.453515059239629
"199108",2.32,0.88,-0.0498263183192861,-0.189188503777712,-0.206950712879924,0.433671753224085
"199109",-1.59,-1.81,0.0595109125607041,0.0198812460470207,0.00983005105807679,0.424927018061783
"199110",1.29,-1.73,-0.129725411294874,0.123426333584703,-0.235841360619245,0.406615459352855
"199111",-4.19,1.08,0.0333100596222634,0.0533313240736505,-0.0293002014198366,0.372281948566644
"199112",10.84,3.58,-0.0893985157346096,-0.0926317907395035,0.0345818921064932,0.332999579650206
"199201",-0.59,-1.33,0.0738443768447693,0.417506334031411,0.0719002863208406,0.311281684573306
"199202",1.09,0.09,0.0118217074052657,0.192625788003724,0.581555249160145,0.314502415751705
"199203",-2.66,-0.08,0.0593021533665885,0.448683239171686,0.679117493278444,0.330589032463724
"199204",1.07,1.71,-0.107569565920886,0.0247345590212532,-0.0832222624214757,0.307254170325555
"199205",0.3,-0.96,-0.0245166602579848,0.114413082008532,-0.109961400158276,0.297580872163872
"199206",-2.34,-0.03,0.0987786383486764,0.547989491648711,0.00714899105062317,0.300000158941116
"199207",3.77,1.57,-0.0636156938172443,0.376302412421684,0.0556784072653378,0.263643275829062
"199208",-2.38,3.79,0.0616998997438067,-0.142983764762205,0.171002411627037,0.257164621896222
"199209",1.19,1.53,0.0961277998434157,0.378116595036751,0.108323292319571,0.239324540576136
"199210",1.02,1.31,-0.137189865751485,0.117312186609165,0.0297688615097907,0.235265101364868
"199211",4.13,-0.84,-0.143424836354744,-0.00733547721377454,-0.0157426475929883,0.257164621896222
"199212",1.53,-0.44,0.123372412088137,0.256571337122485,-0.262116326609811,0.264452783879476
"199301",0.93,-1.77,0.0119981289028213,0.907375597306295,-0.32795289934134,0.246626977230369
"199302",0.12,-0.5,0.0631754619656715,0.204640777918555,0.33028937412899,0.240947810048997
"199303",2.3,-0.29,0.00475982690429634,0.159310359828509,-0.187898517391366,0.242570790419649
"199304",-3.05,-3.69,6.25057275901991e-05,0.316744357581666,0.0705972759637178,0.236077133892909
"199305",2.89,-0.01,-0.0187619864190009,-0.0034492093809333,-0.503421674281739,0.243382172225304
"199306",0.31,-1.06,-0.111775637631889,0.281264437320896,0.541767693093769,0.252302607520627
"199307",-0.34,-2.17,-0.0239135813609005,0.137521630618007,0.360116226506096,0.249870627332371
"199308",3.71,-1.15,-0.0410076183922477,0.190096518747626,0.260807826661046,0.248248946590524
"199309",-0.12,0.77,0.0903336472859499,0.419796380916769,0.292239321295911,0.242570790419649
"199310",1.41,-0.1,-0.0385707192267543,-0.172433711022982,-0.23398877585654,0.248248946590524
"199311",-1.89,1.55,0.0517933395640721,-0.160539890875363,0.169410807108433,0.254733938921325
"199312",1.65,0.71,0.094633515607587,0.256796321636287,0.0244166439243604,0.251492019563271
"199401",2.87,-2.3,-0.106769451278021,0.102677793726511,0.111157685451287,0.245004719144437
"199402",-2.55,2.45,0.155744804502786,0.169449427456317,0.167610598786049,0.266880876762965
"199403",-4.78,0.77,-0.0274286464678422,-0.0423197563205674,-0.19362940346781,0.287089871907664
"199404",0.68,1.01,0.0693804169938331,0.126060314393747,0.0472659133223017,0.30161266025488
"199405",0.58,0.9,0.0126971776575783,0.171808647500793,-0.0464860844412651,0.338621713559917
"199406",-3.03,1.16,0.136783177683419,0.448013146929169,0.224911781477368,0.338621713559917
"199407",2.82,-0.89,-0.0160605320795281,0.16076447918302,0.0341904746806704,0.353864347526578
"199408",4.01,0.87,-0.0522985375519069,-0.145997330273259,-0.0422809686375413,0.365880042337419
"199409",-2.31,0.6,0.00158254167215212,0.207636996542035,-0.38905442923157,0.377080432356869
"199410",1.34,0.58,0.0288574614801235,-0.143550301240364,-0.346227042627577,0.403427087358321
"199411",-4.04,0.81,-0.0392180775861469,-0.249220288505765,-0.0317812769826408,0.430492818539663
"199412",0.86,0.42,0.135079854567012,0.17058081298278,0.0551777143970988,0.455100662487395
"199501",1.8,0.62,0.0639445772667547,-0.18564088760542,-0.239294271141238,0.46381656285388
"199502",3.63,0.57,-0.0225152590800581,0.0858798906836741,0.0256844675267423,0.468567186768754
"199503",2.19,-0.33,-0.0942207515992035,-0.102107094853254,0.116007796721882,0.465400378731795
"199504",2.11,0.05,-0.1236837840295,-0.0252293131035518,0.121146133641361,0.459063466587106
"199505",2.9,0.46,-0.0231763568864518,-0.155095155340338,0.0521811192968301,0.460648106881201
"199506",2.72,-0.48,0.0277908493858348,0.0112108781161906,-0.442338821088254,0.444789316734484
"199507",3.72,0.45,0.0891168277097428,0.263502735553498,-0.220784781692649,0.440820312092116
"199508",0.55,-1.36,0.0120854813510151,-0.0759621817669379,-0.182991179300849,0.43923222705009
"199509",3.35,1.33,-0.0647207598610938,-0.147856246241798,-0.157153431578068,0.429697911893889
"199510",-1.52,2.14,-0.0937615959545526,0.0480540128735653,-0.130095399100292,0.429697911893889
"199511",3.96,-0.82,-0.101726124978262,-0.044917105148607,0.326683247532584,0.436055228096288
"199512",1.03,-1.33,0.190010687246767,0.00125790609848611,0.160268085347275,0.418561945532825
"199601",2.26,-0.64,-0.0574642555781707,-0.0348511658643322,-0.0593337650324246,0.407412378364835
"199602",1.33,0.4,0.0193527200679711,-0.135201451909865,-0.238252798129528,0.393855283367484
"199603",0.73,1.3,0.0643689611903587,-0.164961201168716,-0.261691684593263,0.404224284774379
"199604",2.06,0.18,0.0253026548625655,-0.101660691823958,-0.278926438654428,0.403427087358321
"199605",2.36,0.43,-0.0897452049953864,-0.0711164603780836,-0.0862475873938391,0.409006007693691
"199606",-1.14,3.46,0.00947358077664338,0.123687925413711,0.14501998015845,0.414581520378898
"199607",-5.97,2.83,-0.0650120044906458,-0.270019487828543,0.565241826947561,0.419357822337552
"199608",2.77,-0.3,-0.0349207425641351,-0.0118722864638885,0.0194029077913849,0.411395930139702
"199609",5.01,1.51,-0.056675345810556,0.0238421797188855,-0.120523906661801,0.414581520378898
"199610",0.86,1.32,-0.0643393030996226,-0.250739119377382,0.224489884394568,0.406615459352855
"199611",6.25,2,-0.178489116503381,-0.331602269032323,0.0196966752959895,0.40980271803599
"199612",-1.7,0.54,0.0228958056620519,0.0620325723841352,0.388051599795512,0.400237601238951
"199701",4.98,1.31,0.0764324672150657,-0.277088583150126,0.0436193750663744,0.40980271803599
"199702",-0.49,0.68,0.0511636356437029,0.112202441194569,-0.0511809039011792,0.408209227807532
"199703",-5.02,0.36,0.0505727379312791,0.172532578272529,0.468620923372779,0.418561945532825
"199704",4.04,3.25,-0.150220258698953,-0.0163349788447483,0.648441024660379,0.420153629763109
"199705",6.74,-0.96,-0.0329525881301739,0.0100565844788177,0.170987719343134,0.411395930139702
"199706",4.1,1.01,0.0247573622596628,0.199917398670576,0.0211414796674578,0.401832483615117
"199707",7.33,-0.24,-0.0981888407753524,-0.0182953400946018,-0.0309171032033231,0.411395930139702
"199708",-4.15,-0.93,0.0422004074851513,0.166719771439222,-0.107443816977543,0.418561945532825
"199709",5.35,-1.39,0.0274617937743936,-0.0769418626971467,0.0938057766901465,0.403427087358321
"199710",-3.8,1.09,0.144351576147418,0.188138836197859,-0.0636189987195405,0.405021412570328
"199711",2.98,3.07,-0.0777319799080083,-0.149087200101887,-0.136992621011767,0.418561945532825
"199712",1.32,1.19,-0.191721906357751,-0.0188576721204654,0.26418948644533,0.420153629763109
"199801",0.15,0.46,0.038449112915965,-0.0562824441108586,-0.318738536393901,0.410599358847086
"199802",7.04,-0.86,-0.132639310160013,-0.0156813456422892,-0.164416645121446,0.414581520378898
"199803",4.76,-1.02,-0.0135934070458127,-0.118839136648768,0.0165553614054968,0.40980271803599
"199804",0.73,-2.13,0.0101770849319655,0.013090151705861,-0.0672019371220151,0.403427087358321
"199805",-3.07,0.96,-0.0198666994090206,-0.0120332820611668,0.143202325407897,0.407412378364835
"199806",3.18,-0.52,-0.141929091285184,-0.299025325159085,-0.101607910790644,0.405818470758934
"199807",-2.46,1.82,-0.0161997360128525,-0.246308085330612,-0.288625369352468,0.404224284774379
"199808",-16.08,3.47,-0.0119076583912817,0.0341356690386743,0.510963192601216,0.399440055531697
"199809",6.15,-1.51,0.0554717492608034,-0.109301486354435,-0.32531632452696,0.376280860269351
"199810",7.13,0.59,-0.168846423551403,-0.552925207549645,0.0268974890895917,0.324157790263446
"199811",6.1,-1.24,0.0850858510613059,-0.632439496954429,-0.520314250294734,0.360274687304729
"199812",6.16,-0.75,-0.135079324356814,-0.0376807788531445,0.444839335568248,0.358672524566694
"199901",3.5,-2.69,0.165324235402141,-0.325687719800533,-0.686904500849136,0.354665886361372
"199902",-4.08,-1.71,0.00409079546266103,-0.110794380572556,-0.342825734356133,0.36267740400886
"199903",3.45,-4.2,-0.0997307099045193,0.0982129518981286,-0.432787037214433,0.36267740400886
"199904",4.33,-2.42,0.200088218008926,-0.0358673208907475,-0.776315286402084,0.35065748777714
"199905",-2.46,1.09,0.0632960977854857,0.208987656025471,-0.0640893098522777,0.367480940043685
"199906",4.77,1.32,-0.0682030035530221,-0.140825954092769,0.782738006702147,0.373081871118686
"199907",-3.49,0.49,-0.000241927356101398,-0.0303618062851743,0.0836955007874375,0.371481955883124
"199908",-1.38,-0.3,-0.078862405991635,-0.132487724085541,-0.078369923203186,0.385072302357004
"199909",-2.79,-0.72,-0.00336485962240611,0.0168367995747432,0.100972953904711,0.381876394188874
"199910",6.12,-1.72,-0.133504977299519,-0.345312250824448,-0.357040259046976,0.39624917561103
"199911",3.37,-3.85,0.213335769256134,-0.124681632302086,-0.338118521286416,0.41298886422021
"199912",7.72,-7.91,-0.134158328832362,-0.447144903371525,0.247969134888381,0.423336165926491
"200001",-4.74,-6.05,0.0404550252176993,0.162137908126121,-0.187103354494512,0.432877123312592
"200002",2.45,-18.34,-0.0725112543917828,-0.0545349851136398,0.368336769649332,0.451136138047237
"200003",5.2,11.67,0.0659233199606912,-0.0660061455235113,0.124709732079908,0.462232472270219
"200004",-6.4,7.55,-0.0418692262178698,-0.346225603903445,-0.00355155139520853,0.459855821103505
"200005",-4.42,4.64,0.14002355923786,0.186763686121753,0.137477331023116,0.470150179126794
"200006",4.64,-6.83,-0.0443075682160482,-0.36635005612078,0.138238927501509,0.462232472270219
"200007",-2.51,6,0.00623903713809222,-0.0460044271628062,0.169602841702486,0.483594549017563
"200008",7.03,-3.07,-0.327675884426958,-0.132140600913384,-0.340567909800498,0.493862203119688
"200009",-5.45,3.08,-0.0137130093184183,-0.432325039361008,0.103433548690712,0.486755056534305
"200010",-2.76,9.66,0.137641361938734,-0.382518705294776,-0.18470755266025,0.495440818448101
"200011",-10.72,13.33,0.114580406134936,-0.430903251502972,0.500365711505144,0.50017502848112
"200012",1.19,1.85,-0.142577329967429,-0.179209789070491,0.635665948272334,0.468567186768754
"200101",3.13,-4.44,0.130943339871156,0.601084481226069,0.127492714283028,0.419357822337552
"200102",-10.05,9,-0.0641010601051744,-0.0915822769390443,0.146432179076882,0.397844755015164
"200103",-7.26,3.41,0.0767344542603595,0.119454133936312,0.507800875758593,0.361075663180244
"200104",7.94,-2.72,-0.137827541799468,-0.391717889331396,0.120877798718723,0.316917217891932
"200105",0.72,0.18,-0.091287059831367,-0.209939594563588,0.11756708370816,0.296774300570291
"200106",-1.94,2.03,-0.0376468587621392,0.0406768131026347,0.0877788138375623,0.286282371656443
"200107",-2.13,7.16,-0.114397803407375,0.125891708502018,-0.177577066643758,0.287897300644313
"200108",-6.46,3.95,-0.0912562886219372,0.338058886898856,0.210604909920121,0.275778354533185
"200109",-9.25,4.96,0.030929930530199,-0.037174448430207,-0.477658270540629,0.217382052255277
"200110",2.46,-2.66,0.0300863099133158,0.38806941014087,0.199279364351851,0.178242210721802
"200111",7.54,-3.76,-0.0701997980999336,-0.056687080078098,-0.0394849493739995,0.15451345433195
"200112",1.61,0.3,0.0676744153295901,0.219343091181729,0.487447720069599,0.139754096939071
"200201",-1.44,4.35,-0.0624469816420745,0.219518400831245,-0.289660401127491,0.13647098773526
"200202",-2.29,7.62,0.0726301959708547,0.192716053078852,0.150921636396814,0.14221565206407
"200203",4.24,-1.36,-0.0109530533071422,0.192762209383267,0.208380716782775,0.147956693705464
"200204",-5.2,4.57,-0.0486641957768162,0.593979676240621,0.216736048384402,0.141395207640027
"200205",-1.38,2.27,-0.0666334528514901,0.318860837091264,-0.121674894954897,0.143036022555743
"200206",-7.21,3.62,0.096175256237865,0.25833017133628,-0.329158660218185,0.140574689269668
"200207",-8.18,4.19,0.0191021440303328,-0.0617342936392645,-0.099480264455461,0.138933430634269
"200208",0.5,1.15,0.102829642570971,0.375283317024222,-0.337432265626048,0.1340078785663
"200209",-10.35,3.24,-0.0643399859458439,-0.0837751803015548,-0.127131174829293,0.134828989009228
"200210",7.84,-3.28,-0.0013997308617778,-0.36019884882539,-0.324228435989575,0.130722695935992
"200211",5.96,-9.13,0.0626991302919251,0.114980477052062,0.224079992858835,0.101926656801177
"200212",-5.76,6.04,-0.0398579219123381,0.32840938607039,-0.287689341523661,0.0986298719130696
"200301",-2.57,-0.63,-0.043223684520802,0.0316066782691148,0.175383825098038,0.0969810314674024
"200302",-1.88,1.04,-0.00432327459112685,0.0267010181055104,0.0521039394598933,0.0969810314674024
"200303",1.09,1.8,0.0439722719183007,0.0192177456939051,0.00362807421919657,0.0936824540069159
"200304",8.22,-4.57,0.047890523440754,-0.245000512034584,-0.0839526038516783,0.0936824540069159
"200305",6.05,-6.92,0.218239096352321,0.17048957730173,-0.257230660351372,0.0887323446935318
"200306",1.42,0.55,0.092469793322815,-0.0666748605584877,-0.60250011190141,0.0763452763881345
"200307",2.35,-4.17,-0.0717205428499668,0.243460639473284,0.288627006807001,0.0746923923138798
"200308",2.34,-2.46,-0.0335937364829993,0.410521566011257,-0.00241920512894585,0.0788240395869666
"200309",-1.24,1.34,-0.0147797203678893,0.389463987492152,-0.384759364633412,0.0779978602233555
"200310",6.08,-1.59,-0.173927598298643,0.147921506803174,0.215310435320438,0.0763452763881345
"200311",1.35,0.08,-0.0485194510657215,0.321144481311415,-0.0617649096580188,0.0771716058284966
"200312",4.29,0,0.034281013301687,0.507535410691901,-0.366775852762601,0.0746923923138798
"200401",2.15,-3.53,-0.0426794507202262,0.360525321384003,0.127506807388042,0.0730392078865272
"200402",1.4,2.28,-0.0156103330280221,-0.162474997609855,0.0820412311127934,0.0771716058284966
"200403",-1.32,1.5,0.0219845559345171,0.291574753489387,-0.0611768033032465,0.0779978602233555
"200404",-1.83,3.31,0.0418929787401318,0.0138629767791598,-0.189788428168991,0.0779978602233555
"200405",1.17,-0.97,0.00251705925364873,0.263524600640434,0.175441652473093,0.084605195453169
"200406",1.86,1.12,0.00932603940981201,-0.0564724466888044,0.319760608730826,0.10522224777223
"200407",-4.06,5.08,0.0937465713889151,0.033252282328633,0.324654602342605,0.110163397610763
"200408",0.08,1.3,0.0222647215091552,-0.0823101673159476,-0.0970854541829422,0.122504548454105
"200409",1.6,-1.34,-0.0417079272345371,-0.0811995533771367,0.0219244959423211,0.13647098773526
"200410",1.43,-0.07,-0.0656589354267464,-0.0211497820865762,-0.0287117800733622,0.145496690575708
"200411",4.54,-1.06,-0.0210179353475582,0.173441525678255,-0.0148720466305001,0.170884728722887
"200412",3.43,-1.26,-0.0625829030533898,0.181730463889338,-0.220559323860996,0.18069338440696
"200501",-2.76,3.05,-0.00402309761396709,-0.255794400026467,0.313184119555549,0.192123480368322
"200502",1.89,1.2,-0.104397916892412,0.0517090641123261,0.526094036491716,0.209241775441948
"200503",-1.97,0.47,0.00977953614546025,0.151163095169821,0.265267832502718,0.225515062319714
"200504",-2.61,0.96,0.0207505103923389,-0.105039772940015,0.161408025109614,0.228766234692412
"200505",3.65,-1.31,-0.0195837258566438,0.00841264135285678,-0.0872355069497918,0.233640819185754
"200506",0.57,0.98,-0.0408650341856245,-0.0351768758807158,0.033394561283807,0.24419348179574
"200507",3.92,-1.19,0.0341631624822873,0.127261628538773,0.122791710474897,0.264452783879476
"200508",-1.22,-2.23,0.0515955056058553,0.0872425751468235,0.232710627637992,0.282243797218129
"200509",0.49,0.49,-0.0699786252679494,-0.104728155201069,0.211670523378716,0.280627866376948
"200510",-2.02,-0.58,-0.118997536711495,-0.231242003582749,-0.0658884930545632,0.304030877682537
"200511",3.61,-0.6,-0.105758609992461,-0.0663490457631313,0.104994467694743,0.317722009866994
"200512",-0.25,0.12,-0.0469369661723744,0.116300113839886,0.0801293993287965,0.318526730828039
"200601",3.04,-0.94,-0.023200931483375,-0.0289009281345298,0.379156490469582,0.346647327196048
"200602",-0.3,-0.7,0.0659264178604015,0.240702528793921,-0.134336552711476,0.361876568744002
"200603",1.46,-0.04,0.0680115132744609,0.136036543251796,0.166894019417578,0.368281283577376
"200604",0.73,1.15,-0.0751870795447603,-0.0734282054232253,-0.277332003371306,0.375481218114615
"200605",-3.57,0.96,0.0653808098089942,0.239392493394189,-0.15321250438795,0.385072302357004
"200606",-0.35,1.38,-0.0866853507182334,-0.0997946974157855,0.0967927015180059,0.390662449984003
"200607",-0.78,1.54,-0.0135086788685954,-0.012193917490303,0.356702857521264,0.403427087358321
"200608",2.03,-1.74,-0.0206655917557667,-0.121281702266399,-0.0809337712519955,0.404224284774379
"200609",1.84,0.88,0.00291727139720004,0.154612782234661,-0.250327065070152,0.39225900629809
"200610",3.23,-0.22,0.0950878913343551,-0.0497895839101604,-0.506973525118292,0.401035077262524
"200611",1.71,0.09,-0.0241287522509532,-0.0263627167603476,0.301656244192184,0.402629820309475
"200612",0.87,-0.8,-0.00376649566138489,0.0724972969446655,-0.0842071926159077,0.395451281294235
"200701",1.4,0.22,-0.074029003311388,-0.0492220602814064,-0.000824648119477071,0.405818470758934
"200702",-1.96,-0.47,-0.00590897131469237,0.182460877763262,0.254203489371333,0.40980271803599
"200703",0.68,0.25,-0.0512957554407248,-0.0602134105268204,0.0646603328545597,0.402629820309475
"200704",3.49,1.02,-0.00442652155171822,-0.0693138560656047,-0.190925873814366,0.397047000180417
"200705",3.24,1.13,0.0974692008437508,-0.00120606142831703,-0.0830788083530924,0.385871104551461
"200706",-1.96,0.53,0.0551303310462718,0.021089569231177,0.00347542815616143,0.376280860269351
"200707",-3.73,0.57,-0.204190563132555,-0.150650564299947,-0.0739963325172578,0.393057179731993
"200708",0.92,-0.91,-0.0190364208128815,-0.175891950821609,0.0792978754013558,0.343437929004686
"200709",3.22,-0.58,-0.127691738246516,-0.256837808030226,-0.000829820545633603,0.318526730828039
"200710",1.8,-0.31,-0.0408606682648279,-0.122509364722594,0.202902480521363,0.319331380788213
"200711",-4.83,1.88,-0.0458837048049902,-0.0143808488626725,0.516616474191611,0.268499246095599
"200712",-0.87,0.7,-0.121909404905748,0.0666477217471485,0.2709424241472,0.246626977230369
"200801",-6.36,1.98,0.0862690302854283,0.166260610505522,-0.170706757652149,0.226327964177009
"200802",-3.09,0.76,0.00655052690338556,0.256982747075021,0.384236716746033,0.174972952551533
"200803",-0.93,1.09,-0.0505219804916096,0.0989879886869684,0.591129032271995,0.104398461909749
"200804",4.6,1.28,0.0860025759713816,-0.030683665239727,0.210210414246747,0.106869595821268
"200805",1.86,0.81,0.119250390920698,0.187543304038191,0.23366012454415,0.143036022555743
"200806",-8.44,4.3,0.00772928655838737,-0.135070166462064,0.366534631313985,0.153694117432912
"200807",-0.77,-0.98,0.320202233892649,0.143756169257601,0.0773782989451396,0.134828989009228
"200808",1.53,1.85,-0.0234866810515798,0.231138584505578,1.02355853380685,0.14221565206407
"200809",-9.24,2.95,0.00293538517199839,0.355620735356461,0.885431794201607,0.0936824540069159
"200810",-17.23,3.6,-0.0357634345258361,0.0409314795850461,0.513882172576614,0.0556626088274781
"200811",-7.86,4.83,0.227940023223346,0.127270866156829,-0.518544700475236,0.015819561853081
"200812",1.74,-0.08,0.127916832940397,-0.207837817006196,0.0773658767321245,0.00249965631586857
"200901",-8.12,0.23,0.376483051742759,0.209753854296214,-0.168192665170181,0.0108268838282743
"200902",-10.1,1.71,0.0237877239673818,0.0292501215749279,0.346144331282066,0.0249656907416185
"200903",8.95,-2.33,0.178961999739369,-0.567157251128716,-1.29669306112253,0.0174831788141594
"200904",10.19,0.28,0.308934935808821,0.19377609134145,-0.737880225954588,0.0133235655389807
"200905",5.21,-0.98,0.120130600682013,0.172102240154933,-1.04608184514187,0.0149876392125936
"200906",0.43,-1.06,0.12552403451127,0.247449738701317,-0.195988333106262,0.0149876392125936
"200907",7.72,-0.66,0.231577799337959,0.132303486024136,-1.27508532233603,0.0149876392125936
"200908",3.33,-3.02,-0.0400355147927836,0.390180498399949,-1.0676423477314,0.0141556404460896
"200909",4.08,1.36,0.126120533238746,0.294094180169372,-0.545018715426456,0.00999450421297343
"200910",-2.59,4.18,0.0341572180501547,-0.00809400116143285,-0.249849181741826,0.0058314626421252
"200911",5.56,0.81,-0.0983813314119334,-0.314405019587165,-0.0590018749651649,0.00416571211045991
"200912",2.75,0.48,0.064907403750948,0.481008398770848,-0.196005555604401,0.00416571211045991
"201001",-3.36,-1.39,-0.127359662270775,0.865959954711734,0.247313091511006,0.00499862552685304
"201002",3.4,-0.33,-0.0554189101071028,0.140934431276789,-0.22438193648248,0.00916204838419254
"201003",6.31,-0.56,0.0361374427686741,0.324485886341154,-0.124126166575839,0.0124914144766786
"201004",2,1.1,-0.237443458892838,0.310555215313191,0.174927422286293,0.0133235655389807
"201005",-7.89,1.37,0.0839684698317351,-0.144851683432177,0.24595639000228,0.0133235655389807
"201006",-5.56,-0.21,0.018595951326168,-0.318627430691726,0.355501261247679,0.00999450421297343
"201007",6.93,0.24,0.0959253371256591,-0.0367827761843439,0.0895223235799129,0.0133235655389807
"201008",-4.77,0.72,-0.0484688249528892,-0.00220857502890261,0.288810975656119,0.0133235655389807
"201009",9.54,-0.21,0.100772669541847,0.12702727801428,-0.274585844964386,0.0124914144766786
"201010",3.88,1.3,0.073095680317481,0.0447858675090035,-0.691454750815122,0.0108268838282743
"201011",0.6,0.24,0.0720304996433545,0.0622961273761688,0.490616454035815,0.0116591872446392
"201012",6.82,-3.65,-0.0146857426548695,0.129384576862597,-0.304108832176551,0.0116591872446392
"201101",1.99,-0.89,-0.127800415569717,0.567400820827795,-0.0165948040047298,0.0124914144766786
"201102",3.49,-1.93,0.0991982112680789,0.357654167094344,0.117515215907362,0.0108268838282743
"201103",0.45,1.64,0.0390393430923101,0.0920030479227832,-0.174539389283575,0.00832951632732115
"201104",2.9,1.09,0.0658610052593744,-0.0716009894986381,0.0684162575884669,0.00499862552685304
"201105",-1.27,2.02,-0.00147666995604302,0.0727006343843461,0.570906245254954,0.00333272237835747
"201106",-1.75,2.38,-0.00135080078178058,0.0268493602094135,0.18154471573905,0.00333272237835747
"201107",-2.36,2.43,0.0356132163886071,0.0959058905519057,-0.0601568535248069,0.00333272237835747
"201108",-5.99,3.2,0.0324764633408784,-0.122615719063377,-0.160876473904232,0.00166651390840489
"201109",-7.59,1.85,-0.0231535090920729,0.00963326114844537,0.270134502194663,0.000833295141333679
"201110",11.35,-1.87,0.0858830540408397,-0.198350774672789,0.600710304815395,0.00166651390840489
"201111",-0.28,1.79,-0.0289022344640405,0.103542866470269,0.475172430307785,0.000833295141333679
"201112",0.74,0.8,0.0943867899594914,0.286751490257386,0.19236029771152,0.000833295141333679
"201201",5.05,-1.81,0.0690300562610647,0.17710993767705,-1.15948198536269,0.00249965631586857
"201202",4.42,-0.19,-0.00779665257016226,0.436841843515089,-0.172996446135412,0.00749690802774872
"201203",3.11,-0.33,-0.121227694564311,0.0660815156805293,-0.311755475134754,0.00666422347088691
"201204",-0.85,1.12,-0.00328467929697872,0.204661227589118,-0.131597850965015,0.00666422347088691
"201205",-6.19,2.28,-0.0734710989424448,-0.103580137580713,0.242955529366086,0.00749690802774872
"201206",3.89,-1.24,0.0449400625672055,0.0112833407799705,0.0462171260887257,0.00749690802774872
"201207",0.79,1.11,0.051727364376823,-0.050149223048809,0.157378554663562,0.00832951632732115
"201208",2.55,-1.26,-0.0130939078902644,-0.0368304211264593,-0.111219604440742,0.00832951632732115
"201209",2.73,-1.38,0.0249035739884457,0.216534906282127,-0.108427972280054,0.00916204838419254
"201210",-1.76,-1.39,-0.0656237401188612,0.174401966094217,0.0811630859721923,0.00832951632732115
"201211",0.78,0.68,0.0348494830522144,-0.0987566581836255,-0.119916617881239,0.00749690802774872
"201212",1.18,-1.98,-0.0632898976759018,-0.0107984804066587,0.127322260688915,0.0058314626421252
"201301",5.57,-1.64,-0.129725046349526,0.181354421382298,-0.0441693355946514,0.0058314626421252
"201302",1.29,-0.69,-0.0810024530746316,0.16728383977161,0.073959521690916,0.00832951632732115
"201303",4.03,0.17,0.0155670090555098,-0.0686174829245056,-0.0634650921603902,0.00749690802774872
"201304",1.55,0.07,0.00459649531344407,-0.167795207599808,0.00560086640974079,0.00499862552685304
"201305",2.8,-1.66,-0.0712949113613627,-0.0886379471502862,0.161924133658189,0.00333272237835747
"201306",-1.2,-0.44,0.00593597565358458,0.235960899839212,0.360578639588344,0.00416571211045991
"201307",5.65,-1.46,0.123451067172274,0.134462029725969,-0.562538177912583,0.00333272237835747
"201308",-2.71,0.62,-0.0667203804294024,0.00693743771934504,-0.503392063080866,0.00333272237835747
"201309",3.77,-0.73,-0.0146741411931886,-0.0101822336987051,0.0362330714197076,0.00166651390840489
"201310",4.18,2.7,0.0290678977260541,-0.0609019009940505,-0.391885093435497,0.00416571211045991
"201311",3.12,0.14,-0.0061819455674903,0.0988267726587257,-0.184322604239318,0.0058314626421252
"201312",2.81,-0.52,0.0027638683280541,0.0926209124682614,0.0299768435537384,0.0058314626421252
"201401",-3.32,-3.99,-0.00827288745046588,0.416370842048777,-0.180456109675226,0.00333272237835747
"201402",4.65,-0.26,-0.0769125429148369,0.125483073933265,-0.262987579995017,0.00416571211045991
"201403",0.43,2.16,0.0824812107162567,0.0599938516859201,-0.00852012831931567,0.00416571211045991
"201404",-0.19,3.48,0.0241611842354196,-0.263282548888956,-0.148385633159447,0.00249965631586857
"201405",2.06,0.1,0.0759495036725641,0.0185575105417205,-0.244071956439802,0.00249965631586857
"201406",2.61,-1.97,-0.0183471662744484,0.0400264562645131,0.0135863255362449,0.00333272237835747
"201407",-2.04,0.94,-0.0824413391414903,0.0504002081044764,-0.374680143983545,0.00249965631586857
"201408",4.24,-0.63,-0.0316073976657063,0.0060436521250503,0.149830604135708,0.00249965631586857
"201409",-1.97,1.13,-0.0152455241421985,-0.0114144875098351,-0.241441757084855,0.00166651390840489
"201410",2.52,-0.47,0.0104979511304501,0.114593407406838,0.198841840918864,0.00166651390840489
"201411",2.55,1.4,0.0420443716637478,-0.117485245030983,-0.331644060856647,0.00166651390840489
"201412",-0.06,-1.16,-0.00354749935093303,0.201900392669883,0.170019129241348,0.00249965631586857
"201501",-3.11,1.67,0.00827024251705499,0.270085738252466,0.131492019717686,0.00249965631586857
"201502",6.13,-1.07,0.0507416668813222,0.00131258361085274,-0.380756782878588,0.00166651390840489
"201503",-1.12,0.1,-0.0327676336506902,0.0984808638212884,0.442815858702039,0.00249965631586857
"201504",0.59,-0.15,-0.109733842410426,-0.110444295139083,-0.0274682481512787,0.00166651390840489
"201505",1.36,-1.72,0.0407411425053185,0.20288652003132,-0.12009348684378,0.00166651390840489
"201506",-1.53,0.5,-0.112263960447172,0.0541997611346118,-0.160106831749499,0.00166651390840489
"201507",1.54,0.04,-0.09826590193589,-0.436254323113478,0.689833339578209,0.00249965631586857
"201508",-6.04,0.76,0.121510684072895,0.535851591967705,0.125401076999278,0.0058314626421252
"201509",-3.08,1.81,-0.1121485715299,-0.0623409297811007,0.740947242846333,0.00166651390840489
"201510",7.75,0.82,0.0533196198236498,-0.18352378009556,-0.273012521761069,0.00166651390840489
"201511",0.56,-2.57,-0.156754011370549,-0.16583858698129,0.822286836722722,0.00999450421297343
"201512",-2.17,0.31,-0.0851026233314538,-0.0102274443795355,0.312772160837636,0.0191464914457651
"201601",-5.77,2.6,0.00506558531446479,-0.22525413818349,0.398434773135688,0.0216408900300502
"201602",-0.07,3.29,0.164128022426492,-0.129666910212859,-0.587084958233592,0.0257967010043103
"201603",6.96,0.81,0.0722160445726873,0.162790208087945,-0.739558237493954,0.0241346045273705
"201604",0.92,-2.89,-0.0374505654103016,0.541314594920837,-0.858335502786974,0.0191464914457651
"201605",1.78,-1.02,0.0767459327495668,0.0338383228891706,0.261227680672274,0.022472204186097
"201606",-0.05,1.19,-0.189790814656063,-0.0631448099291108,-0.029420801510062,0.022472204186097
"201607",3.95,1.33,0.0692663178648901,0.259299519335884,-0.104787426086785,0.0249656907416185
"201608",0.5,-1.33,0.00909668629843777,0.119360896735924,-0.276602825305044,0.0249656907416185
"201609",0.25,-2.29,-0.115879948617914,0.119679196393884,0.186217121738427,0.0241346045273705
"201610",-2.02,1.19,-0.0547399432836403,-0.0535099876983215,-0.154602213277443,0.0274584937330236
"201611",4.86,-0.1,0.0585119644243268,0.245182635253002,0.111758711540858,0.0374228778862173
"201612",1.81,0.99,-0.156806726022423,-0.118737788835316,-0.197786041334607,0.0424009787461044
"201701",1.94,-0.01,-0.0077345356742049,0.0542238024365706,-0.172682398222161,0.0424009787461044
"201702",3.57,0.78,-0.0916525666854094,0.00195424992017789,0.389493282191124,0.0432303973715964
"201703",0.17,0.68,-0.0969485338552031,0.0117887593824222,0.336757920241127,0.0614584974119259
"201704",1.09,2,-0.0591328668877921,-0.225643672886798,0.0130919073293195,0.066423464362253
"201705",1.06,1.21,-0.073831380762407,-0.242747788171005,-0.0683891646509245,0.0738658376514767
"201706",0.78,-2.01,-0.123055322141182,-0.0522751455384962,0.00433528651192798,0.0813021276326875
"201707",1.87,-0.71,-0.0885844552981125,-0.218219074361993,0.0616511909570145,0.0887323446935318
"201708",0.16,0.28,-0.0214988094850328,-0.187570902124821,0.215849322637868,0.0837795409097009
"201709",2.51,-1.18,-0.0531758968019008,0.239208040704033,0.293762951817949,0.0854307750792316
"201710",2.25,1.04,-0.0285669417320841,0.13792924460081,0.248083893623598,0.0887323446935318
"201711",3.12,3.12,0.0734094810343622,0.0232670069992454,0.088769843090905,0.101926656801177
"201712",1.06,0.65,-0.082129997428122,-0.0373938568529045,0.188857660437621,0.109340058916718
"201801",5.58,-0.5,-0.167286769069424,-0.249064405536887,0.156172062590765,0.11674742711143
"201802",-3.65,0.52,-0.0789681038489802,-0.0575777516884185,0.317033064377153,0.129901214993877
"201803",-2.35,-0.51,-0.0309130886337961,0.128745299722514,0.00223905960738068,0.140574689269668
"201804",0.29,-2.09,-0.0155753441973918,0.0377842086564948,0.152395650355984,0.145496690575708
"201805",2.65,-1.95,0.0385886791937152,0.252021627500983,-0.220768600508816,0.153694117432912
"201806",0.48,0.71,0.0741245572685653,0.121213371445978,0.0647909330237827,0.15697102274137
"201807",3.19,1.61,0.123531231887943,0.0560263635255466,0.138041454144439,0.161884170512816
"201808",3.44,-0.28,0.0522111396842982,0.00535850345952406,0.391439552429482,0.167612827692287
"201809",0.06,0.59,0.0352378830519379,-0.182943157525219,0.173978871033018,0.175790377127183
"201810",-7.68,0.87,0.105431876588373,0.174159934842487,-0.239926087943437,0.185593753533619
"201811",1.69,-0.6,0.0942510765952671,-0.255473805917353,-0.0933268000573616,0.192123480368322
"201812",-9.55,-0.13,-0.12426252187377,-0.222256342022721,0.184810800940724,0.195386589187763
"201901",8.41,-0.69,0.104851000191725,0.472614046976386,-0.162276148098444,0.195386589187763
"201902",3.4,0.24,0.072451533633317,-0.312830775195707,-0.442660911192986,0.19701770533127
"201903",1.1,0.93,0.00703204765656772,-0.0641159142712584,-0.186723370255331,0.19783315388433
"201904",3.96,1.75,-0.0433430282936347,-0.020963161797235,-0.0315176165436972,0.1962021837703
"201905",-6.94,-0.35,0.0305320565663636,0.267937431283349,0.25263860953155,0.193755180903254
"201906",6.93,0.94,0.0971229100669682,-0.329460980012074,0.154736211176874,0.179059341921795
"201907",1.19,-0.08,0.0709176586370608,-0.187083062539134,0.158429117074459,0.173337883251512
"201908",-2.58,0.37,-0.102865635320439,-0.351759884601585,0.286994312765967,0.16106549662962
"201909",1.43,1.97,0.0626533804802069,0.33097356180246,-0.145672058777221,0.156151906972313
"201910",2.06,0.43,0.0514622366375746,-0.255835838489614,0.522867534646326,0.13647098773526
"201911",3.87,-1.5,-0.0930439337510159,-0.349560429609428,-0.253510658269558,0.127436327260755
"201912",2.77,0.21,-0.0776796019317588,0.126734978191879,0.210193984484549,0.127436327260755
"202001",-0.11,-1.23,0.140739507238971,0.290449130682281,-0.267483029425756,0.125792697876448
"202002",-8.13,-1.64,-0.0228839746472778,-0.111821384393947,0.208594955281025,0.125792697876448
"202003",-13.39,-1.33,0.286983822689551,-0.538656233134795,-0.403488334008377,0.0241346045273705
"202004",13.65,2.59,-0.0584000530054526,0.0862839749040394,-0.620903123957495,0.0116591872446392
"202005",5.58,0.72,0.124727774625166,-0.441839033116452,-0.256070106768772,0.0108268838282743
"202006",2.45,0.13,0.0458246887034321,0.185895116649591,-1.34234192101325,0.0133235655389807
